chr.exposure,pos.exposure,other_allele.exposure,effect_allele.exposure,SNP,pval.exposure,beta.exposure,se.exposure,eaf.exposure,exposure,mr_keep.exposure,pval_origin.exposure,id.exposure
1,113761186,C,A,rs6679677,3.77138e-22,0.287315,0.0296901,0.145881,GD_liability_FinnGen_R12_strict,TRUE,reported,kanrG4
2,203880280,T,C,rs11571297,9.72076e-31,-0.273196,0.023702,0.37173,GD_liability_FinnGen_R12_strict,TRUE,reported,kanrG4
2,203963888,A,G,rs10199135,2.53134e-08,-0.187497,0.0336554,0.143472,GD_liability_FinnGen_R12_strict,TRUE,reported,kanrG4
3,188397894,C,A,rs9815073,9.68278e-11,-0.159905,0.0247079,0.328297,GD_liability_FinnGen_R12_strict,TRUE,reported,kanrG4
6,31113966,T,A,rs3823402,3.11458e-17,-0.292609,0.0346603,0.139991,GD_liability_FinnGen_R12_strict,TRUE,reported,kanrG4
6,32706116,C,A,rs1617322,1.77828e-124,0.717309,0.0302282,0.100191,GD_liability_FinnGen_R12_strict,TRUE,reported,kanrG4
6,33508423,G,A,rs72891915,1.42167e-22,0.487549,0.04987,0.0395748,GD_liability_FinnGen_R12_strict,TRUE,reported,kanrG4
6,35448982,G,A,rs9470027,1.09645e-09,0.381599,0.0626116,0.0262787,GD_liability_FinnGen_R12_strict,TRUE,reported,kanrG4
6,90267049,G,A,rs72928038,1.92624e-08,0.189163,0.0336679,0.114591,GD_liability_FinnGen_R12_strict,TRUE,reported,kanrG4
7,5301033,T,C,rs10807943,2.26892e-08,0.280982,0.0502639,0.936809,GD_liability_FinnGen_R12_strict,TRUE,reported,kanrG4
7,5433979,G,C,rs181316459,2.12129e-12,-0.433695,0.0617247,0.0477847,GD_liability_FinnGen_R12_strict,TRUE,reported,kanrG4
8,32575620,C,T,rs2466074,3.65544e-09,-0.136878,0.0232033,0.415099,GD_liability_FinnGen_R12_strict,TRUE,reported,kanrG4
10,62207841,A,G,rs4979772,4.46972e-09,-0.136068,0.0231968,0.63631,GD_liability_FinnGen_R12_strict,TRUE,reported,kanrG4
11,45200412,C,G,rs11038350,2.77588e-12,0.167618,0.0239844,0.306927,GD_liability_FinnGen_R12_strict,TRUE,reported,kanrG4
14,80995939,T,C,rs1023586,1.5758e-36,0.29816,0.0236203,0.295906,GD_liability_FinnGen_R12_strict,TRUE,reported,kanrG4
15,49443100,T,C,rs4338740,2.516e-09,0.142768,0.0239526,0.314602,GD_liability_FinnGen_R12_strict,TRUE,reported,kanrG4
16,79716078,G,A,rs17767904,9.9106e-18,0.203755,0.0237615,0.310372,GD_liability_FinnGen_R12_strict,TRUE,reported,kanrG4
20,46111557,C,T,rs6074022,2.40802e-10,0.164377,0.0259566,0.726859,GD_liability_FinnGen_R12_strict,TRUE,reported,kanrG4
21,42421219,C,A,rs3788013,9.00741e-11,0.151925,0.0234352,0.342875,GD_liability_FinnGen_R12_strict,TRUE,reported,kanrG4
22,22713048,G,A,rs4446155,3.20627e-16,-0.191261,0.0234236,0.457946,GD_liability_FinnGen_R12_strict,TRUE,reported,kanrG4
