SNP,effect_allele.exposure,other_allele.exposure,effect_allele.outcome,other_allele.outcome,beta.exposure,beta.outcome,eaf.exposure,eaf.outcome,remove,palindromic,ambiguous,id.outcome,chr.outcome,pos.outcome,pval.outcome,se.outcome,outcome,mr_keep.outcome,pval_origin.outcome,chr.exposure,pos.exposure,pval.exposure,se.exposure,exposure,mr_keep.exposure,pval_origin.exposure,id.exposure,action,SNP_index,mr_keep,samplesize.outcome
rs10199135,G,A,G,A,-0.187497,-0.19929,0.143472,0.143472,FALSE,FALSE,FALSE,b7HWOj,2,203963888,0.00530579,0.0714849,GravesOphthalmopathy_FinnGen_R12,TRUE,reported,2,203963888,2.53134e-08,0.0336554,GD_liability_FinnGen_R12_strict,TRUE,reported,kanrG4,2,1,TRUE,
rs1023586,C,T,C,T,0.29816,0.234149,0.295906,0.295906,FALSE,FALSE,FALSE,b7HWOj,14,80995939,3.55721e-06,0.0505099,GravesOphthalmopathy_FinnGen_R12,TRUE,reported,14,80995939,1.5758e-36,0.0236203,GD_liability_FinnGen_R12_strict,TRUE,reported,kanrG4,2,1,TRUE,
rs10807943,C,T,C,T,0.280982,0.172324,0.936809,0.936809,FALSE,FALSE,FALSE,b7HWOj,7,5301033,0.0842384,0.0998047,GravesOphthalmopathy_FinnGen_R12,TRUE,reported,7,5301033,2.26892e-08,0.0502639,GD_liability_FinnGen_R12_strict,TRUE,reported,kanrG4,2,1,TRUE,
rs11038350,G,C,G,C,0.167618,0.0847203,0.306927,0.306927,FALSE,TRUE,FALSE,b7HWOj,11,45200412,0.107964,0.0527061,GravesOphthalmopathy_FinnGen_R12,TRUE,reported,11,45200412,2.77588e-12,0.0239844,GD_liability_FinnGen_R12_strict,TRUE,reported,kanrG4,2,1,TRUE,
rs11571297,C,T,C,T,-0.273196,-0.269319,0.37173,0.37173,FALSE,FALSE,FALSE,b7HWOj,2,203880280,7.96838e-08,0.0501727,GravesOphthalmopathy_FinnGen_R12,TRUE,reported,2,203880280,9.72076e-31,0.023702,GD_liability_FinnGen_R12_strict,TRUE,reported,kanrG4,2,1,TRUE,
rs1617322,A,C,A,C,0.717309,0.771129,0.100191,0.100191,FALSE,FALSE,FALSE,b7HWOj,6,32706116,2.21718e-35,0.0621219,GravesOphthalmopathy_FinnGen_R12,TRUE,reported,6,32706116,1.77828e-124,0.0302282,GD_liability_FinnGen_R12_strict,TRUE,reported,kanrG4,2,1,TRUE,
rs17767904,A,G,A,G,0.203755,0.126777,0.310372,0.310372,FALSE,FALSE,FALSE,b7HWOj,16,79716078,0.015783,0.0525198,GravesOphthalmopathy_FinnGen_R12,TRUE,reported,16,79716078,9.9106e-18,0.0237615,GD_liability_FinnGen_R12_strict,TRUE,reported,kanrG4,2,1,TRUE,
rs181316459,C,G,C,G,-0.433695,-0.381468,0.0477847,0.0477847,FALSE,TRUE,FALSE,b7HWOj,7,5433979,0.0032768,0.129729,GravesOphthalmopathy_FinnGen_R12,TRUE,reported,7,5433979,2.12129e-12,0.0617247,GD_liability_FinnGen_R12_strict,TRUE,reported,kanrG4,2,1,TRUE,
rs2466074,T,C,T,C,-0.136878,-0.09132,0.415099,0.415099,FALSE,FALSE,FALSE,b7HWOj,8,32575620,0.06485,0.0494612,GravesOphthalmopathy_FinnGen_R12,TRUE,reported,8,32575620,3.65544e-09,0.0232033,GD_liability_FinnGen_R12_strict,TRUE,reported,kanrG4,2,1,TRUE,
rs3788013,A,C,A,C,0.151925,0.127808,0.342875,0.342875,FALSE,FALSE,FALSE,b7HWOj,21,42421219,0.0122654,0.0510329,GravesOphthalmopathy_FinnGen_R12,TRUE,reported,21,42421219,9.00741e-11,0.0234352,GD_liability_FinnGen_R12_strict,TRUE,reported,kanrG4,2,1,TRUE,
rs3823402,A,T,A,T,-0.292609,-0.124983,0.139991,0.139991,FALSE,TRUE,FALSE,b7HWOj,6,31113966,0.0734362,0.0698186,GravesOphthalmopathy_FinnGen_R12,TRUE,reported,6,31113966,3.11458e-17,0.0346603,GD_liability_FinnGen_R12_strict,TRUE,reported,kanrG4,2,1,TRUE,
rs4338740,C,T,C,T,0.142768,0.0630928,0.314602,0.314602,FALSE,FALSE,FALSE,b7HWOj,15,49443100,0.228012,0.0523377,GravesOphthalmopathy_FinnGen_R12,TRUE,reported,15,49443100,2.516e-09,0.0239526,GD_liability_FinnGen_R12_strict,TRUE,reported,kanrG4,2,1,TRUE,
rs4446155,A,G,A,G,-0.191261,-0.238193,0.457946,0.457946,FALSE,FALSE,FALSE,b7HWOj,22,22713048,1.54942e-06,0.0495744,GravesOphthalmopathy_FinnGen_R12,TRUE,reported,22,22713048,3.20627e-16,0.0234236,GD_liability_FinnGen_R12_strict,TRUE,reported,kanrG4,2,1,TRUE,
rs4979772,G,A,G,A,-0.136068,-0.0745799,0.63631,0.63631,FALSE,FALSE,FALSE,b7HWOj,10,62207841,0.138816,0.0503846,GravesOphthalmopathy_FinnGen_R12,TRUE,reported,10,62207841,4.46972e-09,0.0231968,GD_liability_FinnGen_R12_strict,TRUE,reported,kanrG4,2,1,TRUE,
rs6074022,T,C,T,C,0.164377,0.159225,0.726859,0.726859,FALSE,FALSE,FALSE,b7HWOj,20,46111557,0.00382252,0.0550486,GravesOphthalmopathy_FinnGen_R12,TRUE,reported,20,46111557,2.40802e-10,0.0259566,GD_liability_FinnGen_R12_strict,TRUE,reported,kanrG4,2,1,TRUE,
rs6679677,A,C,A,C,0.287315,0.347784,0.145881,0.145881,FALSE,FALSE,FALSE,b7HWOj,1,113761186,1.71708e-08,0.0616821,GravesOphthalmopathy_FinnGen_R12,TRUE,reported,1,113761186,3.77138e-22,0.0296901,GD_liability_FinnGen_R12_strict,TRUE,reported,kanrG4,2,1,TRUE,
rs72891915,A,G,A,G,0.487549,0.598573,0.0395748,0.0395748,FALSE,FALSE,FALSE,b7HWOj,6,33508423,4.43353e-09,0.102021,GravesOphthalmopathy_FinnGen_R12,TRUE,reported,6,33508423,1.42167e-22,0.04987,GD_liability_FinnGen_R12_strict,TRUE,reported,kanrG4,2,1,TRUE,
rs72928038,A,G,A,G,0.189163,0.0704191,0.114591,0.114591,FALSE,FALSE,FALSE,b7HWOj,6,90267049,0.350494,0.0754249,GravesOphthalmopathy_FinnGen_R12,TRUE,reported,6,90267049,1.92624e-08,0.0336679,GD_liability_FinnGen_R12_strict,TRUE,reported,kanrG4,2,1,TRUE,
rs9470027,A,G,A,G,0.381599,0.492208,0.0262787,0.0262787,FALSE,FALSE,FALSE,b7HWOj,6,35448982,0.000103117,0.126755,GravesOphthalmopathy_FinnGen_R12,TRUE,reported,6,35448982,1.09645e-09,0.0626116,GD_liability_FinnGen_R12_strict,TRUE,reported,kanrG4,2,1,TRUE,
rs9815073,A,C,A,C,-0.159905,-0.22147,0.328297,0.328297,FALSE,FALSE,FALSE,b7HWOj,3,188397894,2.4636e-05,0.0525046,GravesOphthalmopathy_FinnGen_R12,TRUE,reported,3,188397894,9.68278e-11,0.0247079,GD_liability_FinnGen_R12_strict,TRUE,reported,kanrG4,2,1,TRUE,
